,PERIODCODE,SOURCEID,STORECODE,FRESHVALUE
0,20180203,6404,1,69070.19007
1,20180203,6405,6,7.99
2,20180203,6405,6,3162.430042
3,20180203,6405,6,199.489998
4,20180203,6405,6,1316.160004
5,20180203,6407,5,172.009997
6,20180203,6400,2,88878.87011
7,20180203,6400,2,223.15
8,20180203,6404,1,860.74001
9,20180203,6405,23,0.0
10,20180203,6555,3,379.549992
11,20180203,6405,6,294.86
12,20180203,6405,6,799.439994
13,20180203,6404,1,4371.16997
14,20180203,6400,2,726.929994
15,20180203,6407,5,238.37
