PERIODCODE,SOURCEID,STORECODE,FRESHVALUE
20180203,6404,1,69070.19007
20180203,6405,6,7.99
20180203,6405,6,3162.430042
20180203,6405,6,199.489998
20180203,6405,6,1316.160004
20180203,6407,5,172.009997
20180203,6400,2,88878.87011
20180203,6400,2,223.15
20180203,6404,1,860.74001
20180203,6405,23,0
20180203,6555,3,379.549992
20180203,6405,6,294.86
20180203,6405,6,799.439994
20180203,6404,1,4371.16997
20180203,6400,2,726.929994
20180203,6407,5,238.37
